{
    "steps": [
        {
            "action": "Click",
            "x": 775,
            "y": 681,
            "x_fix": 220.77906976744185,
            "y_fix": -22.37007874015748,
            "screenshot_name": "step-0620155545.jpg"
        },
        {
            "action": "Click",
            "x": 729,
            "y": 1681,
            "x_fix": 225.57558139534882,
            "y_fix": 59.22047244094489,
            "screenshot_name": "step-0620155556.jpg"
        }
    ]
}
